id,custID,roomID,checkIn,checkOut,numAdults,numKids
47496,0,'RND','01-JAN-10','06-JAN-10',1,0
41112,102,'RND','06-JAN-10','11-JAN-10',1,0
76809,161,'RND','12-JAN-10','14-JAN-10',1,0
70172,7,'RND','23-JAN-10','25-JAN-10',1,0
44358,197,'RND','25-JAN-10','27-JAN-10',2,0
55344,63,'RND','30-JAN-10','31-JAN-10',1,0
99471,163,'RND','31-JAN-10','01-FEB-10',1,0
81473,120,'RND','01-FEB-10','02-FEB-10',1,1
49253,117,'RND','03-FEB-10','06-FEB-10',1,0
16748,87,'RND','21-FEB-10','23-FEB-10',1,0
69316,72,'RND','26-FEB-10','07-MAR-10',1,0
69844,185,'RND','07-MAR-10','11-MAR-10',1,0
96839,2,'RND','11-MAR-10','12-MAR-10',1,0
43911,37,'RND','12-MAR-10','13-MAR-10',1,0
48382,196,'RND','13-MAR-10','14-MAR-10',1,0
77032,20,'RND','14-MAR-10','17-MAR-10',1,0
30043,36,'RND','17-MAR-10','18-MAR-10',2,0
48539,148,'RND','21-MAR-10','28-MAR-10',2,0
23850,183,'RND','11-APR-10','17-APR-10',2,0
97303,160,'RND','21-APR-10','30-APR-10',1,0
21553,40,'RND','01-MAY-10','05-MAY-10',1,0
28465,110,'RND','05-MAY-10','06-MAY-10',1,0
62147,185,'RND','06-MAY-10','13-MAY-10',1,1
38368,11,'RND','30-MAY-10','06-JUN-10',1,1
48822,160,'RND','08-JUN-10','12-JUN-10',1,0
18822,7,'RND','12-JUN-10','14-JUN-10',2,0
34034,64,'RND','14-JUN-10','20-JUN-10',1,0
52470,184,'RND','20-JUN-10','21-JUN-10',1,1
95709,179,'RND','21-JUN-10','02-JUL-10',1,0
93984,5,'RND','02-JUL-10','03-JUL-10',1,0
76245,81,'RND','18-JUL-10','19-JUL-10',1,1
30300,57,'RND','19-JUL-10','20-JUL-10',1,0
70440,138,'RND','23-JUL-10','27-JUL-10',1,0
44933,182,'RND','27-JUL-10','29-JUL-10',2,0
63458,157,'RND','31-JUL-10','01-AUG-10',1,1
78964,32,'RND','05-AUG-10','06-AUG-10',2,0
64503,1,'RND','06-AUG-10','11-AUG-10',2,0
15534,82,'RND','28-AUG-10','01-SEP-10',1,0
87560,37,'RND','01-SEP-10','02-SEP-10',1,0
59083,135,'RND','03-SEP-10','10-SEP-10',2,0
91895,178,'RND','10-SEP-10','11-SEP-10',1,0
65416,78,'RND','11-SEP-10','13-SEP-10',1,0
94375,19,'RND','13-SEP-10','19-SEP-10',1,0
69494,152,'RND','21-SEP-10','22-SEP-10',1,0
14845,173,'RND','27-SEP-10','30-SEP-10',1,1
10449,149,'RND','30-SEP-10','01-OCT-10',1,0
28494,40,'RND','01-OCT-10','13-OCT-10',1,0
67343,158,'RND','14-OCT-10','25-OCT-10',2,0
63293,10,'RND','25-OCT-10','01-NOV-10',1,1
55551,48,'RND','04-NOV-10','08-NOV-10',2,0
57705,197,'RND','12-NOV-10','15-NOV-10',1,0
48532,92,'RND','20-NOV-10','22-NOV-10',1,0
32049,136,'RND','22-NOV-10','04-DEC-10',1,1
54369,36,'RND','04-DEC-10','06-DEC-10',1,0
24667,140,'RND','08-DEC-10','09-DEC-10',1,0
68385,82,'RND','10-DEC-10','12-DEC-10',1,0
46577,172,'RND','12-DEC-10','14-DEC-10',1,0
41783,49,'RND','19-DEC-10','20-DEC-10',1,0
30020,74,'RND','21-DEC-10','28-DEC-10',1,1
26701,45,'RND','28-DEC-10','30-DEC-10',2,0
69598,46,'RND','30-DEC-10','31-DEC-10',1,0
97512,185,'RND','31-DEC-10','02-JAN-11',1,0
74548,193,'IBS','13-JAN-10','16-JAN-10',1,1
89123,176,'IBS','20-JAN-10','30-JAN-10',1,0
77967,27,'IBS','30-JAN-10','06-FEB-10',1,0
62333,18,'IBS','06-FEB-10','07-FEB-10',2,0
72456,61,'IBS','08-FEB-10','10-FEB-10',1,1
15733,16,'IBS','11-FEB-10','13-FEB-10',1,0
39602,137,'IBS','13-FEB-10','23-FEB-10',1,1
75477,122,'IBS','23-FEB-10','24-FEB-10',2,0
41754,122,'IBS','24-FEB-10','25-FEB-10',1,0
12138,117,'IBS','28-FEB-10','05-MAR-10',1,0
95260,42,'IBS','07-MAR-10','19-MAR-10',1,0
63558,121,'IBS','20-MAR-10','22-MAR-10',1,1
53535,26,'IBS','22-MAR-10','25-MAR-10',1,1
63746,151,'IBS','25-MAR-10','27-MAR-10',1,1
58881,95,'IBS','27-MAR-10','29-MAR-10',1,0
16933,103,'IBS','01-APR-10','03-APR-10',2,0
18900,162,'IBS','03-APR-10','05-APR-10',2,0
58762,200,'IBS','05-APR-10','07-APR-10',1,0
50223,41,'IBS','12-APR-10','14-APR-10',1,0
84715,64,'IBS','18-APR-10','19-APR-10',1,0
55641,43,'IBS','23-APR-10','25-APR-10',1,1
99268,66,'IBS','30-APR-10','03-MAY-10',1,0
14001,35,'IBS','11-MAY-10','12-MAY-10',1,0
63652,96,'IBS','14-MAY-10','20-MAY-10',1,1
28227,4,'IBS','30-MAY-10','04-JUN-10',2,0
81780,142,'IBS','09-JUN-10','10-JUN-10',1,0
44426,158,'IBS','22-JUN-10','23-JUN-10',1,0
62816,151,'IBS','07-JUL-10','11-JUL-10',1,0
94074,21,'IBS','15-JUL-10','16-JUL-10',1,0
22981,83,'IBS','21-JUL-10','23-JUL-10',1,0
72503,124,'IBS','23-JUL-10','30-JUL-10',2,0
44428,154,'IBS','04-AUG-10','06-AUG-10',1,0
26135,156,'IBS','09-AUG-10','14-AUG-10',1,0
88795,177,'IBS','18-AUG-10','26-AUG-10',1,1
78565,174,'IBS','28-AUG-10','31-AUG-10',2,0
97220,59,'IBS','31-AUG-10','04-SEP-10',1,1
37585,37,'IBS','06-SEP-10','08-SEP-10',2,0
67689,63,'IBS','08-SEP-10','11-SEP-10',2,0
53723,47,'IBS','11-SEP-10','12-SEP-10',2,0
11996,165,'IBS','14-SEP-10','16-SEP-10',1,0
55363,40,'IBS','20-SEP-10','22-SEP-10',1,0
53747,69,'IBS','22-SEP-10','23-SEP-10',1,1
59610,125,'IBS','23-SEP-10','30-SEP-10',2,0
77319,192,'IBS','09-OCT-10','11-OCT-10',2,0
58148,110,'IBS','11-OCT-10','13-OCT-10',1,0
62305,158,'IBS','15-OCT-10','22-OCT-10',2,0
95100,60,'IBS','27-OCT-10','05-NOV-10',1,0
93407,200,'IBS','05-NOV-10','07-NOV-10',1,0
35870,138,'IBS','09-NOV-10','11-NOV-10',1,1
42731,9,'IBS','11-NOV-10','15-NOV-10',2,0
22561,129,'IBS','15-NOV-10','21-NOV-10',1,0
49482,132,'IBS','21-NOV-10','02-DEC-10',2,0
66331,8,'IBS','02-DEC-10','06-DEC-10',1,1
27490,150,'IBS','06-DEC-10','08-DEC-10',1,1
40675,167,'IBS','13-DEC-10','14-DEC-10',1,0
51097,59,'IBS','18-DEC-10','20-DEC-10',2,0
60749,71,'IBS','22-DEC-10','24-DEC-10',1,0
58196,173,'IBS','24-DEC-10','30-DEC-10',1,0
96658,7,'IBS','30-DEC-10','01-JAN-11',1,0
17265,16,'AOB','01-JAN-10','06-JAN-10',4,0
52597,141,'AOB','11-JAN-10','14-JAN-10',3,0
67200,185,'AOB','16-JAN-10','23-JAN-10',1,2
28406,173,'AOB','23-JAN-10','29-JAN-10',2,1
10489,181,'AOB','02-FEB-10','05-FEB-10',2,1
31993,144,'AOB','08-FEB-10','10-FEB-10',1,3
30937,166,'AOB','14-FEB-10','15-FEB-10',1,3
15870,200,'AOB','15-FEB-10','19-FEB-10',1,3
94545,109,'AOB','03-MAR-10','13-MAR-10',2,0
57527,81,'AOB','26-MAR-10','28-MAR-10',2,0
93341,74,'AOB','02-APR-10','08-APR-10',3,1
72945,131,'AOB','12-APR-10','13-APR-10',1,1
65417,105,'AOB','13-APR-10','15-APR-10',1,1
50207,135,'AOB','20-APR-10','21-APR-10',1,0
12258,129,'AOB','23-APR-10','27-APR-10',1,0
58755,73,'AOB','30-APR-10','01-MAY-10',1,0
17955,89,'AOB','05-MAY-10','09-MAY-10',2,0
75853,145,'AOB','10-MAY-10','12-MAY-10',4,0
58972,170,'AOB','17-MAY-10','19-MAY-10',2,1
48113,182,'AOB','24-MAY-10','25-MAY-10',2,0
17344,141,'AOB','25-MAY-10','26-MAY-10',1,1
33806,19,'AOB','27-MAY-10','28-MAY-10',1,2
28455,149,'AOB','29-MAY-10','31-MAY-10',1,1
14940,111,'AOB','01-JUN-10','12-JUN-10',2,0
43225,185,'AOB','12-JUN-10','13-JUN-10',1,1
54831,69,'AOB','15-JUN-10','21-JUN-10',1,3
59225,142,'AOB','26-JUN-10','30-JUN-10',1,0
18465,132,'AOB','30-JUN-10','07-JUL-10',2,0
38013,118,'AOB','08-JUL-10','15-JUL-10',1,1
47004,106,'AOB','15-JUL-10','28-JUL-10',1,1
56286,178,'AOB','29-JUL-10','31-JUL-10',3,1
29253,6,'AOB','31-JUL-10','03-AUG-10',3,1
76149,23,'AOB','07-AUG-10','09-AUG-10',2,2
24300,102,'AOB','09-AUG-10','15-AUG-10',4,0
13058,91,'AOB','17-AUG-10','18-AUG-10',1,2
95605,13,'AOB','18-AUG-10','20-AUG-10',1,2
17270,136,'AOB','20-AUG-10','23-AUG-10',1,0
67427,173,'AOB','02-SEP-10','14-SEP-10',1,3
33748,154,'AOB','14-SEP-10','16-SEP-10',1,3
47146,54,'AOB','16-SEP-10','23-SEP-10',1,0
95204,112,'AOB','08-OCT-10','14-OCT-10',1,2
41619,146,'AOB','15-OCT-10','22-OCT-10',4,0
80390,138,'AOB','22-OCT-10','31-OCT-10',2,2
44836,176,'AOB','31-OCT-10','03-NOV-10',1,0
69035,56,'AOB','18-NOV-10','26-NOV-10',1,3
29287,170,'AOB','01-DEC-10','08-DEC-10',2,0
18834,145,'AOB','08-DEC-10','10-DEC-10',2,0
58934,122,'AOB','15-DEC-10','22-DEC-10',1,1
82502,31,'AOB','25-DEC-10','26-DEC-10',1,2
36890,35,'AOB','26-DEC-10','28-DEC-10',2,1
10984,144,'AOB','28-DEC-10','01-JAN-11',2,1
80192,44,'MWC','01-JAN-10','03-JAN-10',3,1
58266,16,'MWC','08-JAN-10','14-JAN-10',1,0
53876,176,'MWC','14-JAN-10','15-JAN-10',3,0
82409,155,'MWC','30-JAN-10','01-FEB-10',4,0
39640,168,'MWC','01-FEB-10','05-FEB-10',2,1
31371,182,'MWC','05-FEB-10','06-FEB-10',2,0
31508,63,'MWC','10-FEB-10','14-FEB-10',4,0
37985,32,'MWC','15-FEB-10','18-FEB-10',1,1
54966,2,'MWC','23-FEB-10','24-FEB-10',1,0
64987,157,'MWC','28-FEB-10','05-MAR-10',1,0
40678,122,'MWC','22-MAR-10','29-MAR-10',3,0
36356,46,'MWC','29-MAR-10','04-APR-10',2,1
35180,147,'MWC','07-APR-10','08-APR-10',1,0
96909,71,'MWC','09-APR-10','15-APR-10',3,0
79056,183,'MWC','19-APR-10','25-APR-10',2,0
90108,37,'MWC','30-APR-10','01-MAY-10',1,0
30479,37,'MWC','01-MAY-10','10-MAY-10',1,1
60169,7,'MWC','10-MAY-10','16-MAY-10',1,3
91415,39,'MWC','16-MAY-10','18-MAY-10',3,0
87943,184,'MWC','21-MAY-10','28-MAY-10',2,0
14273,108,'MWC','28-MAY-10','30-MAY-10',1,0
25134,137,'MWC','31-MAY-10','02-JUN-10',1,1
34244,168,'MWC','04-JUN-10','06-JUN-10',4,0
84244,197,'MWC','06-JUN-10','07-JUN-10',2,1
64456,120,'MWC','07-JUN-10','09-JUN-10',1,2
86375,197,'MWC','12-JUN-10','22-JUN-10',1,0
84120,109,'MWC','29-JUN-10','05-JUL-10',3,1
72817,100,'MWC','08-JUL-10','09-JUL-10',1,2
16136,100,'MWC','09-JUL-10','12-JUL-10',1,0
44378,99,'MWC','12-JUL-10','13-JUL-10',1,3
54323,16,'MWC','13-JUL-10','14-JUL-10',3,0
18311,172,'MWC','27-JUL-10','31-JUL-10',1,1
65909,122,'MWC','31-JUL-10','01-AUG-10',2,0
70287,149,'MWC','02-AUG-10','11-AUG-10',1,0
92348,15,'MWC','11-AUG-10','17-AUG-10',1,0
53295,86,'MWC','17-AUG-10','22-AUG-10',2,1
97375,181,'MWC','26-AUG-10','27-AUG-10',3,0
79219,144,'MWC','27-AUG-10','30-AUG-10',3,1
69840,188,'MWC','30-AUG-10','03-SEP-10',2,1
95620,155,'MWC','07-SEP-10','10-SEP-10',1,0
35136,103,'MWC','10-SEP-10','12-SEP-10',1,0
67464,110,'MWC','27-SEP-10','30-SEP-10',1,1
38677,11,'MWC','05-OCT-10','11-OCT-10',2,0
32116,178,'MWC','15-OCT-10','17-OCT-10',1,1
21848,107,'MWC','17-OCT-10','18-OCT-10',1,0
73473,103,'MWC','18-OCT-10','27-OCT-10',3,0
98441,104,'MWC','30-OCT-10','07-NOV-10',4,0
54781,86,'MWC','07-NOV-10','11-NOV-10',1,2
93587,187,'MWC','11-NOV-10','12-NOV-10',3,1
33271,69,'MWC','29-NOV-10','02-DEC-10',2,2
40043,77,'MWC','04-DEC-10','14-DEC-10',3,1
33155,5,'MWC','14-DEC-10','16-DEC-10',1,0
88588,195,'MWC','16-DEC-10','17-DEC-10',2,0
57015,96,'MWC','19-DEC-10','20-DEC-10',1,0
87890,109,'MWC','20-DEC-10','22-DEC-10',1,0
66189,61,'MWC','30-DEC-10','04-JAN-11',3,0
76801,182,'HBB','06-JAN-10','18-JAN-10',1,1
24408,104,'HBB','18-JAN-10','19-JAN-10',1,0
21980,60,'HBB','05-FEB-10','08-FEB-10',1,1
87260,42,'HBB','13-FEB-10','15-FEB-10',1,1
78241,74,'HBB','20-FEB-10','28-FEB-10',2,0
64657,28,'HBB','01-MAR-10','06-MAR-10',2,0
25558,85,'HBB','17-MAR-10','19-MAR-10',1,1
82874,74,'HBB','30-MAR-10','09-APR-10',1,1
89780,146,'HBB','09-APR-10','11-APR-10',1,0
63523,109,'HBB','15-APR-10','16-APR-10',1,0
30723,19,'HBB','16-APR-10','23-APR-10',2,0
88884,95,'HBB','27-APR-10','30-APR-10',1,1
18019,112,'HBB','03-MAY-10','05-MAY-10',1,1
77379,56,'HBB','06-MAY-10','08-MAY-10',1,0
45157,133,'HBB','11-MAY-10','18-MAY-10',2,0
77574,96,'HBB','22-MAY-10','03-JUN-10',1,1
69945,197,'HBB','07-JUN-10','09-JUN-10',1,0
73154,169,'HBB','14-JUN-10','19-JUN-10',1,0
97000,23,'HBB','20-JUN-10','26-JUN-10',1,0
34855,81,'HBB','01-JUL-10','04-JUL-10',2,0
86394,163,'HBB','07-JUL-10','09-JUL-10',2,0
49467,43,'HBB','09-JUL-10','16-JUL-10',1,0
65206,173,'HBB','16-JUL-10','21-JUL-10',1,1
12686,144,'HBB','22-JUL-10','25-JUL-10',2,0
92608,167,'HBB','30-JUL-10','01-AUG-10',1,0
71443,60,'HBB','02-AUG-10','05-AUG-10',1,0
52799,104,'HBB','05-AUG-10','07-AUG-10',1,0
41880,22,'HBB','07-AUG-10','09-AUG-10',1,0
25262,193,'HBB','09-AUG-10','11-AUG-10',1,0
10500,81,'HBB','11-AUG-10','12-AUG-10',1,0
97585,183,'HBB','15-AUG-10','16-AUG-10',1,0
84334,64,'HBB','19-AUG-10','25-AUG-10',2,0
28589,188,'HBB','25-AUG-10','26-AUG-10',2,0
62874,101,'HBB','26-AUG-10','27-AUG-10',1,1
46665,177,'HBB','31-AUG-10','09-SEP-10',1,0
40241,92,'HBB','13-SEP-10','15-SEP-10',1,1
48604,170,'HBB','16-SEP-10','22-SEP-10',1,1
48665,38,'HBB','26-SEP-10','28-SEP-10',1,1
20572,199,'HBB','28-SEP-10','29-SEP-10',2,0
97269,137,'HBB','04-OCT-10','05-OCT-10',1,1
25616,144,'HBB','05-OCT-10','06-OCT-10',1,0
87713,65,'HBB','08-OCT-10','10-OCT-10',1,0
44040,59,'HBB','15-OCT-10','16-OCT-10',1,0
21202,137,'HBB','21-OCT-10','23-OCT-10',2,0
10105,186,'HBB','23-OCT-10','25-OCT-10',1,0
19194,169,'HBB','29-OCT-10','05-NOV-10',1,0
35959,194,'HBB','07-NOV-10','09-NOV-10',1,0
74141,102,'HBB','14-NOV-10','16-NOV-10',1,0
56737,152,'HBB','17-NOV-10','18-NOV-10',2,0
80302,154,'HBB','22-NOV-10','24-NOV-10',1,0
55862,65,'HBB','28-NOV-10','05-DEC-10',1,1
63078,113,'HBB','05-DEC-10','06-DEC-10',1,0
63043,149,'HBB','06-DEC-10','07-DEC-10',1,1
73785,0,'HBB','07-DEC-10','09-DEC-10',2,0
93165,57,'HBB','10-DEC-10','14-DEC-10',1,0
58668,99,'HBB','14-DEC-10','19-DEC-10',1,1
17672,42,'HBB','21-DEC-10','22-DEC-10',1,0
84695,191,'HBB','22-DEC-10','23-DEC-10',2,0
38636,141,'HBB','29-DEC-10','31-DEC-10',1,0
43157,125,'HBB','31-DEC-10','06-JAN-11',2,0
96005,64,'IBD','01-JAN-10','07-JAN-10',3,0
67066,174,'IBD','07-JAN-10','11-JAN-10',3,1
14226,140,'IBD','11-JAN-10','12-JAN-10',2,1
62078,40,'IBD','12-JAN-10','25-JAN-10',1,0
43303,172,'IBD','27-JAN-10','28-JAN-10',1,1
14678,73,'IBD','28-JAN-10','30-JAN-10',3,1
30363,97,'IBD','30-JAN-10','09-FEB-10',3,0
80613,111,'IBD','09-FEB-10','12-FEB-10',1,3
98216,179,'IBD','18-FEB-10','25-FEB-10',1,0
43654,145,'IBD','27-FEB-10','28-FEB-10',2,1
56509,94,'IBD','08-MAR-10','10-MAR-10',3,0
95519,92,'IBD','21-MAR-10','23-MAR-10',2,2
57275,10,'IBD','28-MAR-10','02-APR-10',3,0
66089,139,'IBD','06-APR-10','07-APR-10',2,1
70741,21,'IBD','09-APR-10','14-APR-10',3,0
20107,68,'IBD','14-APR-10','16-APR-10',2,1
13136,61,'IBD','16-APR-10','17-APR-10',1,0
33427,159,'IBD','17-APR-10','21-APR-10',1,0
80989,191,'IBD','24-APR-10','06-MAY-10',1,0
97996,41,'IBD','06-MAY-10','07-MAY-10',1,1
55870,34,'IBD','08-MAY-10','13-MAY-10',1,3
11645,23,'IBD','13-MAY-10','19-MAY-10',2,1
19394,136,'IBD','23-MAY-10','25-MAY-10',1,2
99845,133,'IBD','27-MAY-10','28-MAY-10',3,0
32933,160,'IBD','05-JUN-10','06-JUN-10',2,1
83021,134,'IBD','06-JUN-10','07-JUN-10',1,3
65153,143,'IBD','12-JUN-10','14-JUN-10',1,2
96983,185,'IBD','18-JUN-10','23-JUN-10',2,1
86560,130,'IBD','23-JUN-10','24-JUN-10',3,1
87086,45,'IBD','28-JUN-10','07-JUL-10',1,0
98882,50,'IBD','07-JUL-10','14-JUL-10',1,0
27983,29,'IBD','22-JUL-10','24-JUL-10',3,1
37425,2,'IBD','26-JUL-10','28-JUL-10',4,0
17222,67,'IBD','28-JUL-10','07-AUG-10',1,3
20269,152,'IBD','12-AUG-10','19-AUG-10',1,0
24326,44,'IBD','19-AUG-10','21-AUG-10',1,3
63600,98,'IBD','21-AUG-10','28-AUG-10',3,0
37845,77,'IBD','29-AUG-10','30-AUG-10',1,0
24986,54,'IBD','30-AUG-10','01-SEP-10',4,0
12085,133,'IBD','04-SEP-10','08-SEP-10',2,0
29937,108,'IBD','08-SEP-10','10-SEP-10',2,1
11703,150,'IBD','10-SEP-10','11-SEP-10',2,0
10183,180,'IBD','19-SEP-10','20-SEP-10',2,0
14149,24,'IBD','20-SEP-10','22-SEP-10',2,1
17405,122,'IBD','02-OCT-10','03-OCT-10',3,1
21625,37,'IBD','03-OCT-10','14-OCT-10',1,2
43651,12,'IBD','19-OCT-10','21-OCT-10',2,0
37060,34,'IBD','21-OCT-10','23-OCT-10',1,3
66548,41,'IBD','23-OCT-10','26-OCT-10',3,0
11857,106,'IBD','27-OCT-10','29-OCT-10',4,0
33395,83,'IBD','31-OCT-10','02-NOV-10',2,0
43584,61,'IBD','02-NOV-10','04-NOV-10',1,2
93736,110,'IBD','07-NOV-10','10-NOV-10',2,1
44310,27,'IBD','15-NOV-10','21-NOV-10',4,0
47511,119,'IBD','21-NOV-10','22-NOV-10',1,2
88892,41,'IBD','22-NOV-10','26-NOV-10',4,0
26798,51,'IBD','30-NOV-10','06-DEC-10',1,1
33195,54,'IBD','06-DEC-10','12-DEC-10',3,1
72506,43,'IBD','12-DEC-10','25-DEC-10',2,0
70889,90,'IBD','25-DEC-10','26-DEC-10',1,3
72890,62,'IBD','26-DEC-10','27-DEC-10',1,0
71679,79,'IBD','27-DEC-10','31-DEC-10',1,0
43692,188,'IBD','31-DEC-10','01-JAN-11',1,0
83481,19,'TAA','03-JAN-10','07-JAN-10',2,0
38209,55,'TAA','08-JAN-10','13-JAN-10',1,0
89102,6,'TAA','14-JAN-10','15-JAN-10',2,0
87915,60,'TAA','18-JAN-10','24-JAN-10',1,0
57627,83,'TAA','29-JAN-10','05-FEB-10',1,1
77911,191,'TAA','05-FEB-10','07-FEB-10',2,0
56475,5,'TAA','07-FEB-10','08-FEB-10',1,0
89519,15,'TAA','09-FEB-10','10-FEB-10',1,0
62313,109,'TAA','10-FEB-10','12-FEB-10',1,1
68829,43,'TAA','12-FEB-10','15-FEB-10',1,1
84756,73,'TAA','19-FEB-10','22-FEB-10',1,1
13972,99,'TAA','22-FEB-10','25-FEB-10',2,0
55985,22,'TAA','25-FEB-10','26-FEB-10',1,0
92508,177,'TAA','26-FEB-10','27-FEB-10',2,0
56344,142,'TAA','02-MAR-10','03-MAR-10',1,0
24420,74,'TAA','03-MAR-10','12-MAR-10',1,1
74927,69,'TAA','24-MAR-10','26-MAR-10',1,0
69499,149,'TAA','27-MAR-10','29-MAR-10',1,0
44771,64,'TAA','29-MAR-10','30-MAR-10',2,0
31636,114,'TAA','09-APR-10','11-APR-10',1,0
36855,66,'TAA','13-APR-10','14-APR-10',1,0
92463,173,'TAA','14-APR-10','15-APR-10',1,0
26423,147,'TAA','15-APR-10','18-APR-10',1,1
49886,147,'TAA','21-APR-10','27-APR-10',1,1
75081,42,'TAA','27-APR-10','07-MAY-10',1,0
29496,65,'TAA','07-MAY-10','14-MAY-10',1,0
97924,65,'TAA','19-MAY-10','21-MAY-10',2,0
61861,172,'TAA','30-MAY-10','12-JUN-10',1,0
27125,111,'TAA','13-JUN-10','15-JUN-10',1,0
26487,182,'TAA','15-JUN-10','19-JUN-10',1,0
97491,119,'TAA','19-JUN-10','23-JUN-10',1,0
49153,14,'TAA','23-JUN-10','30-JUN-10',1,0
68265,64,'TAA','30-JUN-10','03-JUL-10',2,0
94949,195,'TAA','03-JUL-10','09-JUL-10',1,1
67917,38,'TAA','09-JUL-10','13-JUL-10',1,0
86151,58,'TAA','13-JUL-10','15-JUL-10',1,1
32112,175,'TAA','20-JUL-10','27-JUL-10',1,0
94735,6,'TAA','31-JUL-10','05-AUG-10',1,1
89433,195,'TAA','08-AUG-10','18-AUG-10',1,0
19017,182,'TAA','18-AUG-10','30-AUG-10',2,0
38017,25,'TAA','05-SEP-10','07-SEP-10',2,0
85547,35,'TAA','11-SEP-10','16-SEP-10',1,1
35546,150,'TAA','19-SEP-10','24-SEP-10',1,0
32552,55,'TAA','11-OCT-10','12-OCT-10',1,0
16693,154,'TAA','17-OCT-10','18-OCT-10',1,0
20463,68,'TAA','19-OCT-10','22-OCT-10',1,1
69654,94,'TAA','23-OCT-10','29-OCT-10',2,0
67381,121,'TAA','02-NOV-10','04-NOV-10',2,0
58942,33,'TAA','04-NOV-10','08-NOV-10',1,0
76087,101,'TAA','18-NOV-10','23-NOV-10',1,1
81825,16,'TAA','25-NOV-10','27-NOV-10',1,1
90621,139,'TAA','28-NOV-10','30-NOV-10',1,0
42000,52,'TAA','04-DEC-10','11-DEC-10',2,0
33013,27,'TAA','16-DEC-10','18-DEC-10',1,0
33339,124,'TAA','22-DEC-10','27-DEC-10',1,0
54274,43,'TAA','27-DEC-10','28-DEC-10',1,0
84497,42,'TAA','28-DEC-10','29-DEC-10',2,0
46908,183,'TAA','29-DEC-10','30-DEC-10',1,0
47108,23,'TAA','30-DEC-10','12-JAN-11',1,0
87722,77,'CAS','01-JAN-10','07-JAN-10',2,0
24980,43,'CAS','07-JAN-10','08-JAN-10',1,0
38140,124,'CAS','22-JAN-10','23-JAN-10',3,0
75632,161,'CAS','26-JAN-10','27-JAN-10',2,1
97542,0,'CAS','27-JAN-10','29-JAN-10',3,0
89101,169,'CAS','29-JAN-10','30-JAN-10',1,1
57298,149,'CAS','30-JAN-10','03-FEB-10',1,0
56797,144,'CAS','03-FEB-10','05-FEB-10',3,0
32138,20,'CAS','05-FEB-10','07-FEB-10',3,1
74036,194,'CAS','08-FEB-10','14-FEB-10',2,0
90483,103,'CAS','14-FEB-10','25-FEB-10',2,1
83347,199,'CAS','26-FEB-10','28-FEB-10',2,0
99340,171,'CAS','04-MAR-10','05-MAR-10',3,0
90569,149,'CAS','06-MAR-10','07-MAR-10',1,0
36156,166,'CAS','07-MAR-10','12-MAR-10',2,0
66494,157,'CAS','14-MAR-10','18-MAR-10',3,0
11718,154,'CAS','18-MAR-10','19-MAR-10',2,1
20991,161,'CAS','19-MAR-10','01-APR-10',1,0
92372,83,'CAS','01-APR-10','03-APR-10',1,0
46496,97,'CAS','08-APR-10','12-APR-10',3,0
31695,101,'CAS','16-APR-10','18-APR-10',2,0
14644,149,'CAS','23-APR-10','24-APR-10',4,0
12631,8,'CAS','24-APR-10','26-APR-10',1,0
83133,3,'CAS','26-APR-10','27-APR-10',2,2
93732,173,'CAS','30-APR-10','02-MAY-10',1,0
82884,198,'CAS','07-MAY-10','08-MAY-10',2,1
13192,35,'CAS','08-MAY-10','15-MAY-10',1,0
46797,156,'CAS','15-MAY-10','16-MAY-10',3,1
93382,91,'CAS','16-MAY-10','22-MAY-10',2,2
83866,5,'CAS','01-JUN-10','05-JUN-10',3,0
70937,5,'CAS','06-JUN-10','07-JUN-10',3,0
92150,131,'CAS','13-JUN-10','16-JUN-10',1,2
87631,46,'CAS','16-JUN-10','23-JUN-10',1,0
70863,161,'CAS','23-JUN-10','05-JUL-10',1,2
29003,58,'CAS','05-JUL-10','07-JUL-10',1,1
21050,164,'CAS','11-JUL-10','17-JUL-10',3,0
59593,196,'CAS','17-JUL-10','18-JUL-10',1,3
92515,96,'CAS','18-JUL-10','25-JUL-10',2,0
80282,178,'CAS','27-JUL-10','29-JUL-10',1,1
42424,132,'CAS','01-AUG-10','14-AUG-10',2,0
19812,125,'CAS','14-AUG-10','15-AUG-10',3,1
85102,28,'CAS','15-AUG-10','16-AUG-10',1,0
90653,122,'CAS','16-AUG-10','17-AUG-10',1,0
32565,17,'CAS','21-AUG-10','26-AUG-10',3,0
28447,28,'CAS','26-AUG-10','27-AUG-10',2,2
75770,53,'CAS','27-AUG-10','29-AUG-10',3,0
26380,195,'CAS','30-AUG-10','31-AUG-10',1,0
15059,18,'CAS','31-AUG-10','07-SEP-10',3,1
21863,164,'CAS','07-SEP-10','08-SEP-10',1,0
62161,65,'CAS','08-SEP-10','09-SEP-10',1,0
32781,78,'CAS','09-SEP-10','15-SEP-10',2,2
98805,170,'CAS','16-SEP-10','18-SEP-10',1,1
37456,121,'CAS','18-SEP-10','19-SEP-10',2,0
10990,163,'CAS','21-SEP-10','27-SEP-10',1,3
72813,111,'CAS','29-SEP-10','03-OCT-10',3,1
21216,43,'CAS','03-OCT-10','04-OCT-10',1,0
98711,109,'CAS','08-OCT-10','09-OCT-10',1,0
88863,14,'CAS','22-OCT-10','23-OCT-10',1,0
60313,189,'CAS','28-OCT-10','30-OCT-10',1,1
80582,86,'CAS','30-OCT-10','09-NOV-10',1,0
98328,158,'CAS','14-NOV-10','15-NOV-10',1,3
16234,199,'CAS','15-NOV-10','16-NOV-10',2,0
32739,146,'CAS','20-NOV-10','24-NOV-10',1,2
94073,37,'CAS','27-NOV-10','03-DEC-10',1,0
32015,126,'CAS','03-DEC-10','05-DEC-10',2,0
59986,170,'CAS','05-DEC-10','09-DEC-10',1,0
36345,161,'CAS','10-DEC-10','12-DEC-10',1,0
99478,25,'CAS','29-DEC-10','31-DEC-10',3,0
93389,6,'CAS','31-DEC-10','08-JAN-11',1,0
32896,91,'RTE','06-JAN-10','13-JAN-10',1,2
24412,33,'RTE','23-JAN-10','30-JAN-10',2,0
76432,57,'RTE','30-JAN-10','03-FEB-10',2,2
62024,130,'RTE','06-FEB-10','12-FEB-10',1,3
25374,168,'RTE','15-FEB-10','17-FEB-10',1,0
45483,119,'RTE','17-FEB-10','18-FEB-10',2,0
77094,146,'RTE','23-FEB-10','27-FEB-10',1,2
93672,6,'RTE','28-FEB-10','04-MAR-10',1,1
49606,160,'RTE','04-MAR-10','05-MAR-10',1,3
23740,40,'RTE','07-MAR-10','12-MAR-10',2,0
14447,81,'RTE','14-MAR-10','18-MAR-10',2,0
52353,49,'RTE','31-MAR-10','07-APR-10',1,0
45279,99,'RTE','08-APR-10','12-APR-10',4,0
50459,34,'RTE','14-APR-10','15-APR-10',1,2
50458,14,'RTE','18-APR-10','20-APR-10',1,2
98557,29,'RTE','20-APR-10','21-APR-10',1,2
25010,150,'RTE','22-APR-10','01-MAY-10',2,2
54061,77,'RTE','05-MAY-10','12-MAY-10',1,0
79213,4,'RTE','17-MAY-10','29-MAY-10',1,3
34999,87,'RTE','15-JUN-10','19-JUN-10',1,1
37309,29,'RTE','19-JUN-10','21-JUN-10',3,1
48854,46,'RTE','26-JUN-10','27-JUN-10',2,0
22954,181,'RTE','27-JUN-10','04-JUL-10',1,1
14896,133,'RTE','04-JUL-10','06-JUL-10',1,1
30186,154,'RTE','06-JUL-10','07-JUL-10',1,0
53186,14,'RTE','09-JUL-10','14-JUL-10',1,0
43707,107,'RTE','14-JUL-10','16-JUL-10',1,1
71343,24,'RTE','19-JUL-10','21-JUL-10',1,0
81785,104,'RTE','23-JUL-10','24-JUL-10',1,0
49802,108,'RTE','30-JUL-10','04-AUG-10',1,1
77535,109,'RTE','08-AUG-10','12-AUG-10',1,3
12142,101,'RTE','13-AUG-10','23-AUG-10',3,1
18398,166,'RTE','23-AUG-10','24-AUG-10',1,1
79161,13,'RTE','24-AUG-10','25-AUG-10',1,0
82503,37,'RTE','27-AUG-10','29-AUG-10',2,2
80760,85,'RTE','03-SEP-10','04-SEP-10',3,1
42688,19,'RTE','04-SEP-10','08-SEP-10',1,2
73364,123,'RTE','09-SEP-10','10-SEP-10',1,0
49609,176,'RTE','12-SEP-10','17-SEP-10',2,2
45022,120,'RTE','20-SEP-10','21-SEP-10',3,1
15192,94,'RTE','22-SEP-10','23-SEP-10',1,0
15428,112,'RTE','25-SEP-10','27-SEP-10',2,0
57909,121,'RTE','02-OCT-10','06-OCT-10',1,0
28353,52,'RTE','06-OCT-10','08-OCT-10',1,2
71802,112,'RTE','23-OCT-10','29-OCT-10',1,0
87949,170,'RTE','02-NOV-10','03-NOV-10',3,1
19701,186,'RTE','14-NOV-10','15-NOV-10',1,0
79296,106,'RTE','15-NOV-10','17-NOV-10',1,0
85166,32,'RTE','17-NOV-10','19-NOV-10',3,1
21490,78,'RTE','23-NOV-10','24-NOV-10',2,2
45745,168,'RTE','29-NOV-10','30-NOV-10',1,0
83487,12,'RTE','30-NOV-10','02-DEC-10',1,0
38293,119,'RTE','17-DEC-10','19-DEC-10',3,1
17480,63,'RTE','22-DEC-10','28-DEC-10',3,0
64785,51,'RTE','28-DEC-10','04-JAN-11',3,0
56517,83,'FNA','01-JAN-10','04-JAN-10',1,1
65186,190,'FNA','13-JAN-10','15-JAN-10',2,1
25966,143,'FNA','15-JAN-10','17-JAN-10',3,1
66899,154,'FNA','18-JAN-10','19-JAN-10',1,0
58779,100,'FNA','19-JAN-10','21-JAN-10',1,1
93918,33,'FNA','26-JAN-10','31-JAN-10',3,0
51685,69,'FNA','03-FEB-10','04-FEB-10',2,0
28499,106,'FNA','04-FEB-10','05-FEB-10',1,1
95600,36,'FNA','05-FEB-10','07-FEB-10',4,0
14834,92,'FNA','07-FEB-10','13-FEB-10',1,2
71009,169,'FNA','18-FEB-10','20-FEB-10',2,0
63153,6,'FNA','20-FEB-10','22-FEB-10',4,0
28771,116,'FNA','26-FEB-10','09-MAR-10',3,1
13205,156,'FNA','14-MAR-10','18-MAR-10',1,0
72656,25,'FNA','18-MAR-10','19-MAR-10',1,3
67292,125,'FNA','24-MAR-10','28-MAR-10',3,0
22169,9,'FNA','06-APR-10','07-APR-10',1,0
65283,164,'FNA','08-APR-10','09-APR-10',2,0
11631,43,'FNA','10-APR-10','12-APR-10',2,1
83396,24,'FNA','12-APR-10','13-APR-10',1,1
99863,31,'FNA','17-APR-10','19-APR-10',4,0
54811,79,'FNA','19-APR-10','20-APR-10',2,1
47352,149,'FNA','20-APR-10','24-APR-10',1,1
28691,199,'FNA','24-APR-10','26-APR-10',1,1
73732,111,'FNA','26-APR-10','28-APR-10',1,0
26561,154,'FNA','29-APR-10','03-MAY-10',2,2
80964,150,'FNA','03-MAY-10','10-MAY-10',4,0
85215,134,'FNA','14-MAY-10','21-MAY-10',1,0
60205,38,'FNA','22-MAY-10','31-MAY-10',1,1
37773,200,'FNA','31-MAY-10','06-JUN-10',1,1
69796,18,'FNA','09-JUN-10','11-JUN-10',1,3
19494,190,'FNA','12-JUN-10','19-JUN-10',1,0
41037,114,'FNA','19-JUN-10','02-JUL-10',1,0
74117,70,'FNA','02-JUL-10','04-JUL-10',1,0
17338,26,'FNA','04-JUL-10','05-JUL-10',2,2
71818,78,'FNA','05-JUL-10','06-JUL-10',2,1
99419,98,'FNA','11-JUL-10','12-JUL-10',4,0
87412,153,'FNA','16-JUL-10','22-JUL-10',2,2
71902,110,'FNA','27-JUL-10','31-JUL-10',1,0
94437,194,'FNA','31-JUL-10','02-AUG-10',2,0
82515,197,'FNA','02-AUG-10','03-AUG-10',1,2
79615,197,'FNA','03-AUG-10','05-AUG-10',1,2
22615,20,'FNA','09-AUG-10','10-AUG-10',1,1
59166,118,'FNA','20-AUG-10','21-AUG-10',3,0
23302,200,'FNA','21-AUG-10','22-AUG-10',1,2
53668,149,'FNA','22-AUG-10','24-AUG-10',1,0
30671,31,'FNA','29-AUG-10','01-SEP-10',1,1
35922,152,'FNA','01-SEP-10','02-SEP-10',1,0
75457,17,'FNA','05-SEP-10','07-SEP-10',1,0
16061,23,'FNA','11-SEP-10','14-SEP-10',2,1
25389,15,'FNA','19-SEP-10','21-SEP-10',3,1
60454,98,'FNA','06-OCT-10','08-OCT-10',2,2
28198,36,'FNA','08-OCT-10','18-OCT-10',1,0
39910,196,'FNA','19-OCT-10','21-OCT-10',1,0
92303,2,'FNA','04-NOV-10','10-NOV-10',1,0
26345,197,'FNA','10-NOV-10','12-NOV-10',1,1
99236,96,'FNA','16-NOV-10','17-NOV-10',1,1
85417,37,'FNA','21-NOV-10','26-NOV-10',2,0
10574,168,'FNA','26-NOV-10','03-DEC-10',2,1
29568,12,'FNA','03-DEC-10','08-DEC-10',3,0
28106,52,'FNA','11-DEC-10','17-DEC-10',2,0
56373,89,'FNA','18-DEC-10','20-DEC-10',3,0
94004,172,'FNA','21-DEC-10','24-DEC-10',4,0
28948,148,'FNA','24-DEC-10','26-DEC-10',2,0
71987,23,'FNA','30-DEC-10','31-DEC-10',2,0
67409,98,'FNA','31-DEC-10','04-JAN-11',2,1
